,mae,mape,mse,P-time,T_time
architope,0.30587449941546907,16.302300933215186,0.23169101067821432,28.085085074106853,66.51781063079834
ffNN,0.32152450008089783,18.361429832680027,0.24438492206908127,306.0144615014394,306.0144615014394
ffNN-dp,0.41330700269659293,20.161682872549864,0.3981743684175223,119.06762441794078,119.06762441794078
